,index,frequency
0,c,0
1,E,0
2,l,0
3,L,0
4,2,0
5,y,0
6,F,0
7,&,0
8,3,0
9,-,0
10,4,0
11,0,0
12,T,0
13,I,0
14,#,0
15,9,0
16,s,0
17,Y,0
18,U,0
19,7,0
20,g,0
21,i,0
22,d,0
23,H,0
24,x,0
25,G,0
26,v,0
27,P,0
28,w,0
29,W,0
30,k,0
31,f,0
32,n,0
33,C,0
34,p,0
35,R,0
36,h,0
37,;,0
38,A,0
39,V,0
40,8,0
41,S,0
42,1,0
43,X,0
44,K,0
45,N,0
46,D,0
47,m,0
48,M,0
49,t,0
50,Q,0
51,r,0
52,6,0
53,5,0
54,a,0
55,q,0
56,e,0
57,LL,48619
58,SS,30866
59,AA,29753
60,VL,27888
61,EE,27298
62,AL,64
63,SL,26254
64,GL,24082
65,TL,22168
66,IL,21260
67,GG,21169
68,EL,20367
69,DL,19775
70,PL,19757
71,KL,19748
72,VV,19581
73,RL,19572
74,PP,18232
75,GS,18126
76,FL,17975
77,AV,17912
78,AS,17134
79,KK,16710
80,QL,16029
81,TV,15921
82,AG,15446
83,NL,15253
84,RR,15200
85,PS,15124
86,EK,15117
87,TS,14536
88,ED,14259
89,IS,14137
90,GV,14085
91,EV,13971
92,YL,13034
93,PG,12958
94,IV,12946
95,PV,12601
96,AR,12543
97,DS,12421
98,AK,12420
99,ES,12327
100,FS,12202
101,AT,12182
102,AI,12061
103,EG,11832
104,ER,11607
105,DV,11445
106,TG,11262
107,EN,11111
108,II,10788
109,AD,10355
110,AF,10345
111,TT,10338
112,RS,10184
113,AQ,10161
114,KV,10151
115,AP,9963
116,HL,9942
117,NS,9902
118,KS,9811
119,TP,9625
120,DG,9483
121,EI,9458
122,FV,9410
123,RV,9308
124,QQ,8934
125,RK,8804
126,ML,8763
127,RG,8672
128,NV,8644
129,YS,8601
130,FG,8550
131,QV,8543
132,ET,8527
133,DI,8476
134,NG,8294
135,DP,8289
136,CL,8204
137,KG,8026
138,IG,7977
139,EQ,7772
140,YV,7737
141,EP,7532
142,TI,7456
143,QS,7264
144,NP,7220
145,KI,7092
146,QG,7084
147,YG,7071
148,NI,7010
149,HS,6980
150,DF,6905
151,TF,6756
152,RP,6712
153,RI,6684
154,TK,6558
155,MV,6463
156,EF,6453
157,DK,6301
158,NK,6184
159,EA,6163
160,QK,5968
161,MS,5934
162,CS,5904
163,DD,5878
164,YI,5750
165,WL,5737
166,FI,5642
167,TR,5443
168,QP,5439
169,DR,5425
170,FP,5381
171,HV,5361
172,EY,5341
173,MG,5283
174,CV,5248
175,HP,5205
176,AN,5199
177,HG,5134
178,AY,5076
179,QI,5034
180,TD,4980
181,QR,4971
182,CG,4946
183,KP,4920
184,EM,4831
185,TN,4758
186,FF,4726
187,TY,4622
188,IP,4542
189,TQ,4519
190,NR,4510
191,AM,4499
192,KD,4393
193,HR,4350
194,SV,4324
195,KR,4275
196,NN,4269
197,AE,4183
198,LLL,4172
199,FR,4163
200,YR,4105
201,AH,4048
202,AC,4012
203,FD,3880
204,IK,3813
205,YP,3785
206,VS,3747
207,CP,3715
208,QD,3694
209,EH,3664
210,YK,3584
211,FK,3555
212,YD,3465
213,RD,3464
214,GP,3451
215,TM,3446
216,YF,3360
217,NF,3346
218,HI,3267
219,AW,3265
220,MK,3250
221,YN,3187
222,QN,3154
223,SG,3138
224,TC,3121
225,IR,3099
226,SP,3074
227,MP,2975
228,VG,2970
229,TA,2956
230,FQ,2950
231,EC,2876
232,KN,2866
233,RN,2823
234,IF,2812
235,ID,2809
236,TH,2781
237,RQ,2778
238,MD,2778
239,TW,2761
240,YQ,2758
241,ALL,2699
242,EW,2646
243,GI,2580
244,PR,2565
245,DN,2558
246,HK,2555
247,GK,2538
248,FN,2528
249,WS,2498
250,TE,2491
251,WV,2471
252,IN,2419
253,IQ,2400
254,YY,2394
255,PD,2380
256,SSL,2351
257,MR,2328
258,GD,2322
259,KQ,2319
260,AAL,2290
261,FT,2288
262,FY,2286
263,EEL,2254
264,CR,2246
265,NQ,2196
266,GR,2174
267,KE,2159
268,IT,2113
269,ND,2095
270,VP,2092
271,SSS,2082
272,HQ,2080
273,YT,2079
274,CK,2057
275,DQ,2036
276,CI,2011
277,PQ,1997
278,PK,1989
279,HH,1987
280,MN,1980
281,DT,1979
282,LLS,1966
283,CQ,1964
284,MI,1915
285,WG,1913
286,KT,1908
287,HF,1901
288,ELL,1881
289,WK,1845
290,RF,1845
291,NT,1831
292,RT,1827
293,AVL,1820
294,ASL,1814
295,PF,1787
296,EAL,1783
297,PI,1782
298,GQ,1735
299,DY,1733
300,NY,1703
301,MT,1694
302,VK,1670
303,GF,1660
304,CT,1657
305,GN,1646
306,QT,1643
307,MF,1632
308,CD,1628
309,KF,1618
310,SR,1612
311,CF,1612
312,PT,1608
313,VI,1606
314,EKL,1578
315,YH,1574
316,LLV,1544
317,VLV,1526
318,MA,1521
319,WR,1500
320,QE,1495
321,GT,1479
322,SK,1469
323,AGL,1465
324,HT,1448
325,MQ,1444
326,ME,1429
327,HN,1429
328,IY,1426
329,VD,1422
330,CW,1421
331,HY,1407
332,CN,1402
333,AGG,1395
334,VR,1392
335,LLG,1387
336,PN,1364
337,PE,1362
338,AVV,1348
339,HD,1346
340,SLS,1337
341,VT,1332
342,RY,1320
343,AEL,1315
344,KY,1313
345,RE,1309
346,AAV,1279
347,QF,1278
348,PA,1275
349,GY,1264
350,DE,1262
351,ALS,1252
352,WN,1246
353,HC,1244
354,WI,1234
355,QY,1234
356,GLS,1223
357,QA,1217
358,VLS,1210
359,TLS,1201
360,DM,1197
361,PY,1187
362,CY,1187
363,DLS,1179
364,ALV,1176
365,WP,1159
366,ASS,1154
367,ALG,1145
368,AAS,1145
369,WT,1139
370,CC,1134
371,IM,1127
372,RH,1120
373,KA,1112
374,ILS,1108
375,QH,1099
376,ADL,1089
377,EVL,1088
378,ERL,1088
379,MY,1085
380,WD,1073
381,AEE,1068
382,VF,1065
383,PLS,1061
384,ESL,1055
385,LLR,1051
386,KH,1047
387,AFL,1042
388,WQ,1040
389,AIL,1039
390,EAA,1037
391,APP,1028
392,CH,1027
393,MM,1020
394,GSG,1013
395,FH,1011
396,VN,1002
397,ATL,999
398,LLK,998
399,ETL,991
400,EDL,979
401,VLG,977
402,DH,970
403,IC,968
404,IH,961
405,LLP,948
406,NM,947
407,ARL,945
408,VQ,944
409,GLG,938
410,FC,937
411,RW,925
412,KM,916
413,KLS,914
414,RM,912
415,EQL,910
416,DW,910
417,AAG,902
418,FLS,897
419,PPP,896
420,FM,896
421,LLD,892
422,SLV,884
423,ASG,881
424,GGS,880
425,ENL,880
426,LLQ,875
427,ELS,874
428,PLV,870
429,SSG,869
430,NC,869
431,SLP,868
432,DC,866
433,NH,864
434,EGL,861
435,RLS,859
436,SSV,854
437,EIL,854
438,VVS,853
439,EKK,847
440,EEV,845
441,IA,840
442,NLS,838
443,NW,835
444,QM,834
445,EAV,829
446,YC,827
447,YM,823
448,TVS,823
449,TLL,823
450,SLG,823
451,ILV,822
452,GGG,816
453,SSP,812
454,PLP,808
455,RA,805
456,FW,803
457,VLP,795
458,PPS,793
459,ASV,793
460,AVS,792
461,AGV,790
462,YW,789
463,DA,788
464,ALR,783
465,GSV,777
466,ILG,775
467,EVV,774
468,GLV,773
469,FA,770
470,EEEE,770
471,PVS,766
472,KLV,756
473,GVS,755
474,EES,753
475,TVL,751
476,RC,750
477,QLS,750
478,PSP,745
479,GH,741
480,TSL,740
481,KW,737
482,PH,732
483,FLV,730
484,GM,729
485,EGG,725
486,VVV,721
487,TEE,719
488,QW,719
489,DLL,718
490,TLV,715
491,IW,715
492,GSP,714
493,EYL,713
494,QC,712
495,EPL,706
496,TAA,704
497,ELV,704
498,APG,704
499,EKV,703
500,TSS,693
501,FLL,693
502,PC,689
503,AVG,688
504,EAG,686
505,VLK,682
506,AKL,682
507,PPG,679
508,APL,679
509,ARR,668
510,AKK,666
511,KC,665
512,GLP,665
513,ESS,664
514,EAI,663
515,ATV,661
516,AGS,661
517,ATS,656
518,TLG,654
519,WY,651
520,IVS,650
521,EGV,647
522,MH,645
523,RLV,643
524,AVK,642
525,TEL,641
526,ALK,641
527,AIS,638
528,QLV,637
529,PW,637
530,QLL,636
531,DLV,635
532,EGS,634
533,RRS,628
534,ILL,628
535,EVS,628
536,APS,627
537,AAR,620
538,KLK,619
539,EEG,619
540,NLV,616
541,NSS,612
542,ETV,610
543,EDS,608
544,EAR,607
545,ALI,605
546,ALQ,604
547,AQL,604
548,TLR,602
549,SLR,600
550,IVG,597
551,ATG,597
552,TLP,595
553,EAS,593
554,TLK,591
555,ESG,590
556,PSG,589
557,PSV,587
558,KKS,587
559,ALP,587
560,MW,584
561,EFL,583
562,AEV,582
563,VLR,580
564,AEG,580
565,AED,580
566,TPV,577
567,TPL,577
568,KKK,573
569,RLL,572
570,WF,571
571,RLG,571
572,KEL,570
573,ISV,568
574,QEL,567
575,GGV,566
576,EPG,565
577,DSV,565
578,YLS,560
579,PLG,559
580,AAP,559
581,FSV,558
582,TAL,557
583,EKS,557
584,FSL,556
585,EDV,554
586,TSV,553
587,AER,551
588,HM,550
589,FVS,550
590,EEK,549
591,TAS,547
592,AIV,547
593,ADV,547
594,DSS,546
595,ENS,544
596,VVG,541
597,RLR,541
598,KKV,540
599,AEK,540
600,EIV,536
601,AYL,536
602,TGL,533
603,NVS,533
604,NSL,529
605,AKS,529
606,ETS,525
607,AEN,525
608,EED,524
609,CM,524
610,DSG,523
611,WW,522
612,HRDL,520
613,EPP,518
614,DVS,518
615,KKL,517
616,EDG,515
617,ERR,515
618,AFS,515
619,TGS,513
620,NGS,513
621,ESV,513
622,EII,512
623,TTS,511
624,ILK,511
625,GLR,510
626,DLG,510
627,QLG,508
628,KVS,508
629,EML,507
630,HW,506
631,REL,505
632,PM,505
633,EKG,503
634,DEL,502
635,ARS,501
636,APV,501
637,EEI,500
638,TLN,499
639,EAK,498
640,DVL,497
641,TVV,495
642,MAA,495
643,ANL,495
644,LLI,493
645,PPPP,492
646,GGP,491
647,ARV,491
648,RLP,490
649,QKL,490
650,EVI,489
651,HLS,488
652,QVS,487
653,TAV,486
654,FLG,486
655,FGL,485
656,EAQ,484
657,PGP,483
658,ARG,483
659,ASP,482
660,EAT,481
661,VLQ,480
662,TVG,479
663,KLG,479
664,GVP,477
665,ENG,477
666,ADS,473
667,VLD,472
668,RRR,472
669,MC,472
670,ADG,472
671,TPP,466
672,LLF,465
673,TFL,464
674,ELG,463
675,AKG,462
676,VLN,461
677,ETG,461
678,AKV,461
679,SLK,460
680,DFL,460
681,TSG,459
682,SLQ,459
683,RRG,459
684,EAF,459
685,VLI,456
686,QQQQ,456
687,ENV,456
688,MAL,455
689,ISG,455
690,GGGG,454
691,AAAA,452
692,ANS,452
693,YLV,450
694,DIL,450
695,AIK,450
696,QAL,449
697,EFV,449
698,TPS,447
699,NLL,447
700,YEL,444
701,EPV,443
702,SSSS,440
703,EDI,440
704,AAK,440
705,TAT,439
706,GLK,439
707,QQL,438
708,AES,437
709,LLLL,436
710,TVK,434
711,ISK,434
712,TTL,433
713,ISI,432
714,CLS,432
715,EPS,431
716,DSL,430
717,PLR,429
718,SSR,428
719,RLQ,428
720,GGI,428
721,DED,428
722,AFV,428
723,YLL,426
724,TIL,426
725,EGK,426
726,AVI,425
727,MLL,424
728,AEI,422
729,ELK,421
730,WM,419
731,TAI,418
732,RAL,418
733,ERG,418
734,FVL,417
735,FGV,417
736,ERS,417
737,QLK,416
738,RVS,415
739,ANV,414
740,RKL,413
741,ETT,413
742,AAI,413
743,RSG,412
744,GLI,412
745,VVP,411
746,DLP,411
747,TSP,410
748,KKG,410
749,FSS,410
750,GLQ,409
751,EVG,409
752,EHL,409
753,AHL,409
754,ILI,408
755,EQV,408
756,DGS,408
757,DEE,408
758,AGP,407
759,RSV,406
760,DLI,406
761,ELP,404
762,AGI,404
763,VLY,403
764,DAV,403
765,QEE,402
766,SLI,401
767,KLP,401
768,DGV,401
769,DAL,401
770,LLN,400
771,EIS,400
772,IIG,399
773,FSG,399
774,LLY,398
775,EAD,396
776,RRK,395
777,ALT,395
778,GGR,394
779,ELQ,394
780,TTV,392
781,MLS,391
782,DGK,391
783,IVI,390
784,EAP,390
785,AQG,390
786,AGK,390
787,RRV,389
788,YSV,388
789,RRL,387
790,DLK,387
791,CSS,387
792,TNL,386
793,PLK,386
794,AVF,386
795,TGV,384
796,ISS,383
797,AIG,383
798,NSV,382
799,DGL,382
800,AQS,382
801,EFS,380
802,AFG,380
803,AAF,380
804,RSL,379
805,AQV,379
806,EVK,378
807,EKI,378
808,TFS,377
809,QLP,375
810,AEQ,375
811,RLK,374
812,TDS,373
813,ELI,373
814,AVP,372
815,YSS,371
816,AET,371
817,VVI,370
818,CLV,370
819,YLG,369
820,EKR,369
821,YSL,368
822,NIV,367
823,ELF,367
824,TLI,366
825,QSL,366
826,NLK,365
827,ILR,365
828,ENI,365
829,TVP,364
830,RLI,364
831,MAS,364
832,ERV,364
833,QSS,363
834,HLL,363
835,KVI,362
836,GVG,362
837,AVQ,362
838,AEA,361
839,PVP,360
840,KLI,360
841,FLK,360
842,DDL,360
843,ADI,360
844,TLF,359
845,TPG,359
846,AYG,359
847,TGK,358
848,PSI,358
849,ENP,358
850,TED,357
851,KSV,356
852,GSR,356
853,GLD,356
854,TDL,354
855,QRL,354
856,DVV,354
857,MLV,353
858,TAG,352
859,QLF,352
860,ERK,352
861,TGG,351
862,FLI,351
863,NKL,350
864,DEV,350
865,TVI,349
866,RVG,349
867,PLI,349
868,DKL,349
869,HSL,347
870,NIL,345
871,CLL,345
872,TPI,344
873,ACL,344
874,RGR,343
875,AEP,343
876,TLQ,342
877,HLV,342
878,DAS,342
879,AKR,341
880,YVS,340
881,DAA,340
882,ATP,340
883,WH,339
884,PPV,339
885,MVS,339
886,KKI,339
887,EER,338
888,TES,337
889,TEK,337
890,PGI,337
891,FLR,337
892,VVK,336
893,TRL,336
894,SSK,336
895,SSI,336
896,RSP,336
897,QVL,336
898,MEL,336
899,FRK,336
900,KSG,333
901,DVG,332
902,KVP,331
903,DPS,331
904,EIK,330
905,QSV,329
906,IIK,329
907,FGK,329
908,TGR,328
909,ESI,328
910,TVN,327
911,TIS,327
912,FAL,327
913,ANG,327
914,QLQ,326
915,GGK,326
916,FLQ,326
917,FLP,326
918,AGR,326
919,NSG,325
920,DVK,325
921,TSR,324
922,ILF,324
923,EGP,324
924,DLR,324
925,MGL,323
926,MAP,323
927,GSI,323
928,DSP,323
929,NLP,322
930,EEN,322
931,DVI,322
932,VLF,321
933,EQQ,321
934,YTL,320
935,TKL,320
936,AVR,319
937,TAK,318
938,AAQ,318
939,ILQ,317
940,ILN,317
941,PSK,316
942,ERI,316
943,EMV,316
944,DGR,316
945,QLR,315
946,ELR,315
947,PVG,314
948,FVG,314
949,ATI,314
950,AGF,314
951,TTG,313
952,RGP,313
953,ILY,313
954,DGP,313
955,DRL,313
956,CVS,313
957,WC,312
958,RSR,312
959,KSK,312
960,ISP,312
961,ETP,312
962,DSK,312
963,VVF,311
964,KIK,311
965,ISF,311
966,EVP,311
967,EEM,311
968,NLG,310
969,NGK,310
970,KGK,310
971,ASI,309
972,AHS,309
973,TTP,308
974,QDL,308
975,KGI,308
976,EKP,308
977,FSI,307
978,ECL,307
979,AVN,307
980,FLF,305
981,ALN,305
982,ALF,305
983,ISR,304
984,MSS,303
985,KLR,303
986,GLF,303
987,TAD,301
988,RKR,301
989,ANI,301
990,PVI,300
991,GVR,300
992,GGN,300
993,TAR,299
994,QAS,299
995,DTL,299
996,QIL,297
997,EKN,297
998,EEF,297
999,DSR,297
1000,DIV,297
1001,AYV,297
1002,RSI,296
1003,KVK,296
1004,EEP,295
1005,DFGL,295
1006,AAY,295
1007,TEV,294
1008,DPL,294
1009,AML,294
1010,MSV,293
1011,FSK,293
1012,ESK,293
1013,VLC,292
1014,TKK,292
1015,AEF,292
1016,TVF,291
1017,TRV,291
1018,RKG,290
1019,NPD,290
1020,NLR,290
1021,ILP,290
1022,YLR,289
1023,SLD,289
1024,QPP,289
1025,TEI,288
1026,NAS,288
1027,EDP,288
1028,DSI,288
1029,PSR,287
1030,NKP,287
1031,LLH,286
1032,EGI,286
1033,CSL,284
1034,ARK,284
1035,NVL,283
1036,QLI,282
1037,LLW,282
1038,GSF,282
1039,EKF,282
1040,DGI,282
1041,DRV,282
1042,RRP,281
1043,ETI,281
1044,EQS,281
1045,NIP,280
1046,ESF,280
1047,EQG,280
1048,AII,280
1049,AMV,280
1050,YLK,279
1051,TVR,279
1052,TGN,279
1053,CGG,279
1054,APR,279
1055,DVP,278
1056,ADP,278
1057,RRI,277
1058,TQL,276
1059,YLP,275
1060,YGV,275
1061,QPL,275
1062,ERP,275
1063,TLD,274
1064,TKI,274
1065,TFG,274
1066,TAP,274
1067,KVR,274
1068,III,274
1069,ARP,274
1070,HGV,273
1071,EYV,273
1072,ASK,273
1073,ALC,273
1074,TEN,272
1075,SSM,272
1076,ASQ,272
1077,PSD,271
1078,MKL,271
1079,EGR,271
1080,EYS,271
1081,DNL,270
1082,ASR,270
1083,TGI,269
1084,TNS,269
1085,QAA,269
1086,EKY,269
1087,NTL,268
1088,FFS,268
1089,ESP,268
1090,DVWS,268
1091,TKS,266
1092,TDP,266
1093,MVL,266
1094,HSS,266
1095,HAA,266
1096,ESR,266
1097,SLN,265
1098,RPR,265
1099,EVF,265
1100,YAL,264
1101,TLW,264
1102,PGR,264
1103,EEQ,264
1104,AGN,264
1105,VVR,263
1106,RLF,263
1107,PLF,263
1108,EYI,263
1109,YLI,262
1110,TSI,262
1111,TDV,262
1112,QSP,262
1113,PGQ,262
1114,ILD,262
1115,HLG,262
1116,ENK,262
1117,TIP,261
1118,PPR,261
1119,ETW,261
1120,AFI,261
1121,AYS,261
1122,ALLL,261
1123,TAQ,260
1124,KVG,260
1125,ALD,260
1126,AFF,260
1127,WLS,259
1128,WLG,259
1129,TSK,259
1130,QNL,259
1131,ETK,259
1132,PVF,258
1133,MLK,258
1134,IVK,258
1135,GLN,258
1136,FSP,258
1137,EVR,258
1138,ALM,258
1139,ANP,258
1140,PGD,257
1141,EIG,257
1142,NGV,256
1143,KLQ,256
1144,YVL,255
1145,QGL,255
1146,PSN,255
1147,KKR,255
1148,FSF,255
1149,ASF,255
1150,ARI,255
1151,YFL,254
1152,TYS,253
1153,TII,253
1154,NGI,253
1155,YTT,252
1156,WLL,252
1157,VVN,252
1158,TGP,252
1159,TEG,252
1160,NLI,252
1161,MIL,252
1162,KKP,252
1163,GSK,252
1164,EHS,252
1165,SLF,251
1166,PLD,251
1167,PGK,251
1168,NSI,251
1169,TIG,250
1170,NLF,250
1171,HGL,250
1172,ISN,249
1173,AMG,249
1174,TSQ,248
1175,TAF,248
1176,MAT,248
1177,KSI,248
1178,FGI,248
1179,DLQ,248
1180,AIF,248
1181,TRR,247
1182,TKG,247
1183,KIP,247
1184,EDF,247
1185,DLD,247
1186,RVP,246
1187,RVI,246
1188,QQG,246
1189,GVI,246
1190,DPK,246
1191,ANK,246
1192,FVP,245
1193,EIP,245
1194,AQP,245
1195,TQG,244
1196,NVI,244
1197,EDD,244
1198,ALY,244
1199,TPK,243
1200,LLC,243
1201,HPL,243
1202,GGF,243
1203,EIR,243
1204,ADR,243
1205,TIV,242
1206,SSF,242
1207,PVK,242
1208,KSP,242
1209,KKY,242
1210,AQK,242
1211,ETF,241
1212,AKI,241
1213,ADF,241
1214,YGK,240
1215,TEF,240
1216,MSG,240
1217,EMG,240
1218,AKP,240
1219,TIK,239
1220,NEE,239
1221,EGF,239
1222,CLG,239
1223,HVS,238
1224,ATK,238
1225,YLN,237
1226,VVD,237
1227,TRS,237
1228,TDI,237
1229,QVP,237
1230,MEE,237
1231,DLF,237
1232,RLY,236
1233,MSL,236
1234,KLN,236
1235,FLD,236
1236,ENF,236
1237,AEY,236
1238,AEM,236
1239,QQS,235
1240,EQK,235
1241,DKK,235
1242,AGQ,235
1243,YGI,234
1244,YTS,234
1245,VVC,234
1246,NVG,234
1247,ASN,234
1248,YSP,233
1249,YSG,233
1250,TPTP,233
1251,PGM,233
1252,GVK,233
1253,DQL,233
1254,YRL,232
1255,YEE,232
1256,RIP,232
1257,SSN,231
1258,QGS,231
1259,NKR,231
1260,LLLS,231
1261,IVN,231
1262,FLN,231
1263,ELN,231
1264,YVV,230
1265,HGS,230
1266,ELD,230
1267,EFG,230
1268,DLN,230
1269,QAI,229
1270,MTL,229
1271,EGD,229
1272,YYL,228
1273,SSD,228
1274,QQV,228
1275,KGR,228
1276,IGP,228
1277,IGI,228
1278,EHG,228
1279,DSF,228
1280,SVS,227
1281,RKI,227
1282,MLG,227
1283,TNV,226
1284,TET,226
1285,MKK,226
1286,IIP,226
1287,HSV,226
1288,CSV,226
1289,TVY,225
1290,QSG,225
1291,QRR,225
1292,DIF,225
1293,CPP,225
1294,AMK,225
1295,EQI,224
1296,ATF,224
1297,AGD,224
1298,RLD,223
1299,NTV,223
1300,ISD,223
1301,CSG,223
1302,AAD,223
1303,YFV,222
1304,TFI,222
1305,TER,222
1306,KLF,222
1307,DFI,222
1308,AVY,222
1309,TFP,221
1310,TFV,221
1311,QVG,221
1312,KKH,221
1313,IGR,221
1314,EGC,221
1315,DSD,221
1316,DPR,221
1317,DIK,221
1318,AQI,221
1319,RIK,220
1320,HLK,220
1321,FSR,220
1322,EVY,220
1323,EPK,220
1324,EHV,220
1325,AAC,220
1326,MAG,219
1327,GSW,219
1328,EVQ,219
1329,DPD,219
1330,CWL,219
1331,RKP,218
1332,QPI,218
1333,ETR,218
1334,ENN,218
1335,EGN,218
1336,CLP,218
1337,TGD,217
1338,TKV,217
1339,RVR,217
1340,NSR,217
1341,MVG,217
1342,IIN,217
1343,GVF,217
1344,EKD,217
1345,TVQ,216
1346,RVK,216
1347,EPR,216
1348,CVL,216
1349,WPL,215
1350,PLH,215
1351,GLH,215
1352,EAM,215
1353,ASY,215
1354,AQR,215
1355,TDG,214
1356,KLD,214
1357,AVD,214
1358,ARD,214
1359,SSY,213
1360,PLQ,213
1361,NSK,213
1362,KGP,213
1363,EVD,213
1364,AKN,213
1365,ADK,213
1366,QQQ,212
1367,IVF,212
1368,YVP,211
1369,TFR,211
1370,QVI,211
1371,EKQ,211
1372,DIG,211
1373,CSP,211
1374,AAN,211
1375,TEQ,210
1376,KPK,210
1377,GLY,210
1378,EDK,210
1379,DVR,210
1380,PGF,209
1381,NVP,209
1382,GSY,209
1383,TTTT,208
1384,TPR,208
1385,TKP,208
1386,TGF,208
1387,SSQ,208
1388,MDL,208
1389,ILH,208
1390,IGK,208
1391,GGY,208
1392,YVG,207
1393,TTI,207
1394,TNI,207
1395,SVG,207
1396,IGD,207
1397,EVN,207
1398,ELY,207
1399,EIN,207
1400,DVY,207
1401,DIP,207
1402,AYI,207
1403,TFK,206
1404,TRK,206
1405,KSF,206
1406,IVR,206
1407,DSW,206
1408,CAA,206
1409,TSD,205
1410,NLY,205
1411,NRL,205
1412,IIF,205
1413,EPI,205
1414,EYG,205
1415,PSQ,204
1416,PLN,204
1417,MAV,204
1418,IGF,204
1419,RPK,203
1420,QGK,203
1421,IIR,203
1422,HVL,203
1423,ARN,203
1424,AARN,203
1425,AHG,203
1426,WSL,202
1427,TQV,202
1428,QGP,202
1429,ECV,202
1430,DDD,202
1431,API,202
1432,AIP,202
1433,TRI,201
1434,MES,201
1435,ASD,201
1436,ACV,201
1437,NSF,200
1438,FSY,200
1439,FIF,200
1440,EGY,200
1441,AGY,200
1442,TPD,199
1443,KSR,199
1444,HQL,199
1445,GSN,199
1446,FSD,199
1447,FGF,199
1448,DVD,199
1449,AQQ,199
1450,AIN,199
1451,RIF,198
1452,NSP,198
1453,DPN,198
1454,TSN,197
1455,TRG,197
1456,FLW,197
1457,EIF,197
1458,EFP,197
1459,PPF,196
1460,MAK,196
1461,IVD,196
1462,EMS,196
1463,ATD,196
1464,AIR,196
1465,AAH,196
1466,QAV,195
1467,PVR,195
1468,PSF,195
1469,MEK,195
1470,KIN,195
1471,FLY,195
1472,ENR,195
1473,AHV,195
1474,TSF,194
1475,MER,194
1476,IID,194
1477,HSP,194
1478,HLR,194
1479,FSQ,194
1480,AFP,194
1481,TQS,193
1482,TDF,193
1483,NPI,193
1484,EMK,193
1485,EHP,193
1486,CLN,193
1487,AFK,193
1488,ACS,193
1489,ll,192
1490,WIP,192
1491,RSK,192
1492,QTL,192
1493,KVF,192
1494,KKN,192
1495,FVK,192
1496,DVF,192
1497,ATN,192
1498,APF,192
1499,TTK,191
1500,RLN,191
1501,FGN,191
1502,AKD,191
1503,YGN,190
1504,SLY,190
1505,RVF,190
1506,RLH,190
1507,NSN,190
1508,KLH,190
1509,FPK,190
1510,YGG,189
1511,TLH,189
1512,TYV,189
1513,RGK,189
1514,HLQ,189
1515,HLP,189
1516,GGQ,189
1517,EWL,189
1518,CGL,189
1519,YSK,188
1520,YLH,188
1521,VLH,188
1522,FLH,188
1523,CLI,188
1524,CPL,188
1525,YIL,187
1526,PPK,187
1527,MGV,187
1528,MEN,187
1529,GSD,187
1530,FGP,187
1531,FAI,187
1532,DID,187
1533,CAL,187
1534,WGL,186
1535,KVN,186
1536,FVI,186
1537,FFK,186
1538,EFK,186
1539,DGF,186
1540,ACG,186
1541,TNG,185
1542,RSF,185
1543,NLN,185
1544,IVP,185
1545,EID,185
1546,DKW,185
1547,YLY,184
1548,TCG,184
1549,QLN,184
1550,NPK,184
1551,MDS,184
1552,MAR,184
1553,KKF,184
1554,YIF,183
1555,TAM,183
1556,SSC,183
1557,QGR,183
1558,IVY,183
1559,AMS,183
1560,QVF,182
1561,NIF,182
1562,ISQ,182
1563,GGD,182
1564,TIR,181
1565,TYL,181
1566,TAN,181
1567,NPN,181
1568,DRY,181
1569,DKN,181
1570,CDL,181
1571,ALH,181
1572,WLR,180
1573,RIR,180
1574,AVC,180
1575,ATR,180
1576,TYR,179
1577,MLR,179
1578,AFR,179
1579,YIN,178
1580,TEY,178
1581,MNL,178
1582,GSQ,178
1583,FVR,178
1584,APK,178
1585,AKQ,178
1586,TVD,177
1587,KKQ,177
1588,ELC,177
1589,YGR,176
1590,TKR,176
1591,QKP,176
1592,APD,176
1593,AALL,176
1594,TYG,175
1595,MSP,175
1596,MTT,175
1597,MAF,175
1598,CLR,175
1599,YSI,174
1600,YRD,174
1601,TIF,174
1602,TCV,174
1603,RGI,174
1604,NVK,174
1605,EDR,174
1606,TIN,173
1607,TEA,173
1608,RGN,173
1609,MTS,173
1610,DVN,173
1611,CNL,173
1612,RRQ,172
1613,RRF,172
1614,QSR,172
1615,IGY,172
1616,GGH,172
1617,FGR,172
1618,ETH,172
1619,ERQ,172
1620,ERN,172
1621,EQR,172
1622,EFI,172
1623,EDY,172
1624,AVH,172
1625,YSR,171
1626,TLY,171
1627,THL,171
1628,TDD,171
1629,RGY,171
1630,PLY,171
1631,HSR,171
1632,YIK,170
1633,VSG,170
1634,PGN,170
1635,GSC,170
1636,WLP,169
1637,VVQ,169
1638,TPQ,169
1639,MAQ,169
1640,HSG,169
1641,EYF,169
1642,EDQ,169
1643,DGY,169
1644,WEV,168
1645,TQI,168
1646,HRDLAARN,168
1647,DRF,168
1648,DFP,168
1649,DFF,168
1650,CTR,168
1651,AFQ,168
1652,TTN,167
1653,TGY,167
1654,TFD,167
1655,TQQ,167
1656,QPR,167
1657,QIY,167
1658,PVD,167
1659,HSK,167
1660,ERD,167
1661,ATC,167
1662,YLD,166
1663,QLD,166
1664,MVK,166
1665,MPL,166
1666,HGR,166
1667,GVD,166
1668,FIN,166
1669,AIQ,166
1670,YPN,165
1671,TAE,165
1672,MKS,165
1673,KKKK,165
1674,ISY,165
1675,ILC,165
1676,GLC,165
1677,EAN,165
1678,TCL,164
1679,QSK,164
1680,QVV,164
1681,NGR,164
1682,KLY,164
1683,GVN,164
1684,FIP,164
1685,ESD,164
1686,EIQ,164
1687,DVQ,164
1688,DLY,164
1689,TVH,163
1690,QSI,163
1691,QGF,163
1692,PPQ,163
1693,IIQ,163
1694,HPN,163
1695,HIL,163
1696,AGC,163
1697,TPY,162
1698,RKF,162
1699,QQP,162
1700,PVN,162
1701,MAI,162
1702,HAL,162
1703,EQP,162
1704,NPR,161
1705,FGD,161
1706,ERF,161
1707,EAC,161
1708,DGD,161
1709,TLC,160
1710,TKN,160
1711,TRP,160
1712,MGI,160
1713,HPG,160
1714,GSH,160
1715,ECS,160
1716,ADD,160
1717,YSF,159
1718,QQR,159
1719,LLLG,159
1720,EDN,159
1721,DKR,159
1722,CVG,159
1723,AKY,159
1724,AWL,159
1725,QVR,158
1726,QQI,158
1727,PPN,158
1728,MTV,158
1729,FVN,158
1730,CLK,158
1731,ALAL,158
1732,AGH,158
1733,RVN,157
1734,PPD,157
1735,MNS,157
1736,MED,157
1737,ERY,157
1738,DVH,157
1739,DKD,157
1740,AIY,157
1741,TGQ,156
1742,TFF,156
1743,QPQ,156
1744,IGN,156
1745,HVG,156
1746,ETQ,156
1747,EFF,156
1748,AAAL,156
1749,AHR,156
1750,TTR,155
1751,QLY,155
1752,NLD,155
1753,NFN,155
1754,MLI,155
1755,FSN,155
1756,FSH,155
1757,DSQ,155
1758,DIR,155
1759,ARM,155
1760,AQN,155
1761,YGP,154
1762,VVY,154
1763,TEP,154
1764,SLC,154
1765,QIP,154
1766,PGY,154
1767,NVN,154
1768,KIR,154
1769,KGY,154
1770,HVK,154
1771,GGC,154
1772,ELH,154
1773,EGQ,154
1774,DFN,154
1775,CGK,154
1776,ARF,154
1777,YVK,153
1778,YVD,153
1779,TKQ,153
1780,NIK,153
1781,MLQ,153
1782,KVY,153
1783,ESQ,153
1784,EAY,153
1785,DKF,153
1786,CVV,153
1787,AYP,153
1788,YVN,152
1789,YLQ,152
1790,RSN,152
1791,QGD,152
1792,NIR,152
1793,KID,152
1794,KGN,152
1795,HGI,152
1796,ETM,152
1797,DIY,152
1798,AYF,152
1799,AFN,152
1800,TSY,151
1801,RRH,151
1802,KVQ,151
1803,KSD,151
1804,DGN,151
1805,CLF,151
1806,YSD,150
1807,WEL,150
1808,QSF,150
1809,MVV,150
1810,HRL,150
1811,EFD,150
1812,DSN,150
1813,CVI,150
1814,AYD,150
1815,ATQ,150
1816,AGW,150
1817,YVR,149
1818,TTF,149
1819,KKD,149
1820,KIQ,149
1821,EEY,149
1822,DSY,149
1823,YIP,148
1824,THV,148
1825,RGF,148
1826,NPII,148
1827,MLP,148
1828,MPS,148
1829,MAD,148
1830,DKP,148
1831,CTV,148
1832,CRL,148
1833,ee,147
1834,RSQ,147
1835,QGI,147
1836,LLSL,147
1837,GLGL,147
1838,DIW,147
1839,ALW,147
1840,TNP,146
1841,QVK,146
1842,MRL,146
1843,KIF,146
1844,HRR,146
1845,CQL,146
1846,ATY,146
1847,TID,145
1848,MLF,145
1849,MGG,145
1850,HGP,145
1851,EHI,145
1852,CGI,145
1853,TPN,144
1854,TKD,144
1855,TMV,144
1856,RGD,144
1857,NLQ,144
1858,MGS,144
1859,HPS,144
1860,HFL,144
1861,GVY,144
1862,GVQ,144
1863,EYP,144
1864,EPF,144
1865,DRYL,144
1866,DFR,144
1867,CPG,144
1868,ASSS,144
1869,AHP,144
1870,TYK,143
1871,TIQ,143
1872,THS,143
1873,SLAV,143
1874,RLM,143
1875,QIF,143
1876,NGD,143
1877,KSN,143
1878,HPV,143
1879,ETD,143
1880,ENQ,143
1881,CSI,143
1882,AAW,143
1883,WLI,142
1884,WVL,142
1885,TQK,142
1886,THP,142
1887,RGQ,142
1888,PLC,142
1889,NTP,142
1890,MRR,142
1891,HGG,142
1892,EHR,142
1893,TWS,141
1894,SSLS,141
1895,NKD,141
1896,MKD,141
1897,KPEN,141
1898,FFR,141
1899,CGS,141
1900,YLF,140
1901,WKK,140
1902,WEE,140
1903,NGP,140
1904,HAV,140
1905,END,140
1906,PPH,139
1907,KGD,139
1908,HLI,139
1909,HGK,139
1910,HTL,139
1911,DSC,139
1912,DKY,139
1913,RPD,138
1914,RIY,138
1915,MPP,138
1916,HKL,138
1917,DIN,138
1918,TAY,137
1919,MVI,137
1920,MSK,137
1921,MLD,137
1922,MEY,137
1923,FFF,137
1924,NVH,136
1925,NIN,136
1926,NGN,136
1927,HLY,136
1928,GLM,136
1929,FPR,136
1930,CTL,136
1931,APN,136
1932,YLC,135
1933,WAV,135
1934,TWL,135
1935,RVY,135
1936,HVI,135
1937,HHL,135
1938,FPD,135
1939,DPI,135
1940,DDR,135
1941,CVP,135
1942,CGP,135
1943,ARQ,135
1944,MEG,134
1945,KGF,134
1946,FVF,134
1947,YDL,133
1948,VLW,133
1949,SSH,133
1950,RLW,133
1951,RIQ,133
1952,MDV,133
1953,HCL,133
1954,EMI,133
1955,DRN,133
1956,TPTG,132
1957,TNF,132
1958,PVQ,132
1959,NGF,132
1960,MLN,132
1961,HVV,132
1962,FLC,132
1963,AFC,132
1964,YTV,131
1965,TPTT,131
1966,TNK,131
1967,QRQ,131
1968,PPGP,131
1969,PLM,131
1970,MGK,131
1971,KSQ,131
1972,EIY,131
1973,DFK,131
1974,APQ,131
1975,WSV,130
1976,TRQ,130
1977,RKN,130
1978,PPI,130
1979,GVC,130
1980,GSFG,130
1981,ESN,130
1982,ESC,130
1983,EPD,130
1984,aa,129
1985,WVS,129
1986,QIK,129
1987,NVR,129
1988,NPQ,129
1989,MDP,129
1990,HHHH,129
1991,FIK,129
1992,ESY,129
1993,EPQ,129
1994,EKM,129
1995,EGH,129
1996,EFW,129
1997,EDM,129
1998,ECP,129
1999,DLH,129
2000,CFL,129
2001,YQL,128
2002,TNR,128
2003,RVD,128
2004,QKN,128
2005,QGQ,128
2006,NLH,128
2007,MVP,128
2008,KVD,128
2009,FIR,128
2010,CGY,128
2011,AAM,128
2012,YGY,127
2013,WLV,127
2014,MGF,127
2015,LLRG,127
2016,KGQ,127
2017,HPD,127
2018,FVQ,127
2019,FVD,127
2020,CAI,127
2021,ADQ,127
2022,WLK,126
2023,WAL,126
2024,TQP,126
2025,TDK,126
2026,RRD,126
2027,MHL,126
2028,IKN,126
2029,HSI,126
2030,FDN,126
2031,DPY,126
2032,ASIL,126
2033,AID,126
2034,ACK,126
2035,YSN,125
2036,WSG,125
2037,TYF,125
2038,RPF,125
2039,PLW,125
2040,NNY,125
2041,NLAL,125
2042,NKN,125
2043,NKF,125
2044,NGQ,125
2045,MEP,125
2046,HLH,125
2047,GVH,125
2048,FGM,125
2049,FGC,125
2050,ETN,125
2051,ENY,125
2052,DPQ,125
2053,ACI,125
2054,VVH,124
2055,TVC,124
2056,TTQ,124
2057,TTD,124
2058,HID,124
2059,FKN,124
2060,EDC,124
2061,DFQ,124
2062,AAGL,124
2063,ls,123
2064,TPF,123
2065,NGY,123
2066,MEV,123
2067,ISM,123
2068,HVP,123
2069,ASH,123
2070,AGLL,123
2071,YVI,122
2072,TRF,122
2073,RPQ,122
2074,QQY,122
2075,QKQ,122
2076,PSH,122
2077,MEQ,122
2078,IGC,122
2079,HLF,122
2080,EVW,122
2081,AWS,122
2082,AAAG,122
2083,YYD,121
2084,YII,121
2085,TML,121
2086,SLH,121
2087,RPI,121
2088,PSY,121
2089,PLPP,121
2090,NNN,121
2091,KPI,121
2092,EAAL,121
2093,CIS,121
2094,ANY,121
2095,AIH,121
2096,YVF,120
2097,YND,120
2098,TQD,120
2099,TCS,120
2100,PVH,120
2101,MNR,120
2102,MAY,120
2103,KIC,120
2104,FRD,120
2105,ETY,120
2106,EKEK,120
2107,DIQ,120
2108,ANR,120
2109,ANF,120
2110,YIY,119
2111,TCP,119
2112,RSY,119
2113,RRRR,119
2114,QVY,119
2115,QGY,119
2116,NSQ,119
2117,LLSP,119
2118,LLM,119
2119,GPR,119
2120,EFY,119
2121,EEC,119
2122,ECG,119
2123,DGQ,119
2124,ASM,119
2125,ASC,119
2126,ARY,119
2127,AFY,119
2128,TRD,118
2129,TNN,118
2130,SSSG,118
2131,RRN,118
2132,RGW,118
2133,QIR,118
2134,IVQ,118
2135,HIF,118
2136,CLQ,118
2137,CLD,118
2138,CII,118
2139,CEG,118
2140,CAG,118
2141,AHK,118
2142,YGF,117
2143,YGD,117
2144,VLM,117
2145,TYN,117
2146,SSW,117
2147,RRW,117
2148,NVQ,117
2149,NIY,117
2150,KDN,117
2151,HSF,117
2152,EVH,117
2153,AWV,117
2154,gg,116
2155,TMS,116
2156,SVR,116
2157,QRF,116
2158,QKR,116
2159,PSW,116
2160,NVF,116
2161,NSD,116
2162,EQF,116
2163,EFR,116
2164,EALL,116
2165,DVW,116
2166,DRD,116
2167,ANN,116
2168,ADFGL,116
2169,AEEL,116
2170,RPN,115
2171,QLH,115
2172,QKY,115
2173,NRY,115
2174,MKP,115
2175,KSY,115
2176,KSH,115
2177,HVF,115
2178,FIY,115
2179,EAH,115
2180,CPK,115
2181,VSI,114
2182,TRN,114
2183,TNY,114
2184,TDN,114
2185,QKF,114
2186,LLGV,114
2187,IPK,114
2188,FRN,114
2189,CPF,114
2190,ALLV,114
2191,AIC,114
2192,ADN,114
2193,AAEE,114
2194,YPK,113
2195,TFQ,113
2196,SVI,113
2197,SLW,113
2198,RKQ,113
2199,NID,113
2200,MRS,113
2201,LLLLL,113
2202,KKC,113
2203,HAS,113
2204,FVY,113
2205,EMEK,113
2206,EEH,113
2207,DPF,113
2208,AYR,113
2209,ALLG,113
2210,ADY,113
2211,ACR,113
2212,lk,112
2213,YID,112
2214,TGH,112
2215,RKY,112
2216,PVY,112
2217,PGC,112
2218,MGQ,112
2219,KRF,112
2220,GLVG,112
2221,FPF,112
2222,CKV,112
2223,AQF,112
2224,YRAP,111
2225,RSD,111
2226,RQH,111
2227,QQK,111
2228,QPF,111
2229,NRF,111
2230,NPY,111
2231,MGD,111
2232,MET,111
2233,KLW,111
2234,HRF,111
2235,HLD,111
2236,FID,111
2237,ALLS,111
2238,ALAA,111
2239,VLGL,110
2240,TTVL,110
2241,TAC,110
2242,RIN,110
2243,PGH,110
2244,KGH,110
2245,HPR,110
2246,HTV,110
2247,FGQ,110
2248,AWR,110
2249,AWG,110
2250,AAGG,110
2251,TFN,109
2252,TQR,109
2253,THG,109
2254,REIL,109
2255,QSQ,109
2256,PVC,109
2257,MVF,109
2258,MDG,109
2259,LLVS,109
2260,KRN,109
2261,EQN,109
2262,YIQ,108
2263,TLM,108
2264,TGC,108
2265,TFC,108
2266,RVQ,108
2267,MNK,108
2268,MDK,108
2269,HPF,108
2270,FGY,108
2271,FFN,108
2272,EKH,108
2273,CEV,108
2274,CEL,108
2275,YPR,107
2276,VLAL,107
2277,TRH,107
2278,TIM,107
2279,RIH,107
2280,QKVV,107
2281,NPC,107
2282,MSR,107
2283,MSN,107
2284,MGR,107
2285,LLLK,107
2286,IVH,107
2287,HVR,107
2288,FRQ,107
2289,FPN,107
2290,EKAL,107
2291,ARH,107
2292,AQD,107
2293,AMI,107
2294,ADH,107
2295,YSQ,106
2296,WIL,106
2297,VSR,106
2298,QQQQQQQQ,106
2299,QIN,106
2300,NNF,106
2301,MGN,106
2302,MKI,106
2303,KLC,106
2304,ISH,106
2305,IGQ,106
2306,GLW,106
2307,CSC,106
2308,CEK,106
2309,WNL,105
2310,WAA,105
2311,VSK,105
2312,TKIL,105
2313,TDY,105
2314,QSY,105
2315,QDN,105
2316,PGW,105
2317,NVD,105
2318,MVY,105
2319,MPI,105
2320,MAN,105
2321,HPI,105
2322,GSGS,105
2323,FDQ,105
2324,EYN,105
2325,EWV,105
2326,AKH,105
2327,AALV,105
2328,YVQ,104
2329,YRDL,104
2330,TMI,104
2331,TAH,104
2332,SVP,104
2333,RGH,104
2334,QRY,104
2335,NIQ,104
2336,NGH,104
2337,MSI,104
2338,LLLP,104
2339,KPD,104
2340,IIC,104
2341,HKF,104
2342,EYK,104
2343,ELLK,104
2344,ECK,104
2345,CKL,104
2346,lv,103
2347,le,103
2348,YDY,103
2349,WRL,103
2350,TYI,103
2351,SSSP,103
2352,RRY,103
2353,QVD,103
2354,MKV,103
2355,MIS,103
2356,LLGI,103
2357,LLDG,103
2358,KVKQ,103
2359,HSN,103
2360,HQF,103
2361,GLAA,103
2362,FFD,103
2363,ESW,103
2364,EFN,103
2365,EEEL,103
2366,CPR,103
2367,AVAV,103
2368,APY,103
2369,AEH,103
2370,YYY,102
2371,TQN,102
2372,TCR,102
2373,NSY,102
2374,NPF,102
2375,MVD,102
2376,MQL,102
2377,HSD,102
2378,EMR,102
2379,EKLL,102
2380,EHN,102
2381,EHK,102
2382,EEED,102
2383,CPS,102
2384,CIP,102
2385,CIG,102
2386,APH,102
2387,AKF,102
2388,ASSL,102
2389,YGQ,101
2390,SSDL,101
2391,RPW,101
2392,QSN,101
2393,QPK,101
2394,KIW,101
2395,KDY,101
2396,HSQ,101
2397,EFQ,101
2398,DLEI,101
2399,CTG,101
2400,ATH,101
2401,AQY,101
2402,AMR,101
2403,AKEL,101
2404,VLSV,100
2405,TVTPTP,100
2406,TVTPTPTPTG,100
2407,TVTPTPTPTGTQ,100
2408,TTTTTVTPTPTPTGTQ,100
2409,TRY,100
2410,TPITTTTTVTPTPTPTGTQ,100
2411,TLEE,100
2412,SLAL,100
2413,RKH,100
2414,MTK,100
2415,MFV,100
2416,LLLV,100
2417,LLSV,100
2418,HRDI,100
2419,HPK,100
2420,HLN,100
2421,AYY,100
2422,ACP,100
2423,lt,99
2424,YQY,99
2425,YKN,99
2426,WLQ,99
2427,WLN,99
2428,WKL,99
2429,TPTTTPITTTTTVTPTPTPTGTQ,99
2430,TCK,99
2431,RID,99
2432,QVN,99
2433,QKH,99
2434,NFQ,99
2435,KRQ,99
2436,KIY,99
2437,HIR,99
2438,ESH,99
2439,EGW,99
2440,DFH,99
2441,AQH,99
2442,APAP,99
2443,ALGL,99
2444,AIFQ,99
2445,AGAA,99
2446,YTAF,98
2447,TPTTTPITTTTTVTPTPTPTGTQTPTTTPITTTTTVTPTPTPTGTQ,98
2448,SPR,98
2449,QVQ,98
2450,ISLL,98
2451,IGH,98
2452,FRF,98
2453,DSGG,98
2454,DGH,98
2455,AFD,98
2456,YSY,97
2457,WAG,97
2458,VSP,97
2459,QQN,97
2460,EYR,97
2461,EIQK,97
2462,EALS,97
2463,EAW,97
2464,DLM,97
2465,DIC,97
2466,YDQ,96
2467,WLC,96
2468,WVV,96
2469,VLAT,96
2470,TYP,96
2471,TQDF,96
2472,SLM,96
2473,SGK,96
2474,RLC,96
2475,QLC,96
2476,NSH,96
2477,MPV,96
2478,LLAF,96
2479,KPF,96
2480,HIN,96
2481,HGF,96
2482,EMN,96
2483,EKEE,96
2484,DPH,96
2485,CSN,96
2486,AVAA,96
2487,AALS,96
2488,YPI,95
2489,YIR,95
2490,TND,95
2491,TMP,95
2492,QLEK,95
2493,PDY,95
2494,KPY,95
2495,KPQ,95
2496,GGSG,95
2497,GGM,95
2498,GGGS,95
2499,FYV,95
2500,EWK,95
2501,EQD,95
2502,EMP,95
2503,CGN,95
2504,CTS,95
2505,CRK,95
2506,AVVL,95
2507,ASW,95
2508,ASAL,95
2509,YNY,94
2510,YDN,94
2511,WKD,94
2512,VVVL,94
2513,VVM,94
2514,TYD,94
2515,TWI,94
2516,TTY,94
2517,NRN,94
2518,NIH,94
2519,MGP,94
2520,LLVL,94
2521,LLAL,94
2522,IPF,94
2523,HVQ,94
2524,DFY,94
2525,CVR,94
2526,ATW,94
2527,AND,94
2528,SSSL,93
2529,RLVL,93
2530,RKD,93
2531,QSD,93
2532,PPY,93
2533,PGAG,93
2534,MFL,93
2535,IDY,93
2536,GGDL,93
2537,FPI,93
2538,EVEE,93
2539,EIH,93
2540,DVGD,93
2541,DFD,93
2542,CVN,93
2543,CGV,93
2544,AYK,93
2545,AVAD,93
2546,ASLS,93
2547,YVGS,92
2548,TNQ,92
2549,THQ,92
2550,TGSS,92
2551,QKD,92
2552,QGN,92
2553,MNY,92
2554,KPR,92
2555,ISPI,92
2556,ISC,92
2557,IRYQ,92
2558,HAG,92
2559,GLSP,92
2560,FIQ,92
2561,EHQ,92
2562,EDLL,92
2563,CVK,92
2564,AMN,92
2565,la,91
2566,gv,91
2567,TPH,91
2568,TSSL,91
2569,RSW,91
2570,RRC,91
2571,QGC,91
2572,MSQ,91
2573,MPY,91
2574,MRK,91
2575,LLSG,91
2576,LLAI,91
2577,KPN,91
2578,EKC,91
2579,DDY,91
2580,CSR,91
2581,CSQ,91
2582,CIL,91
2583,AVW,91
2584,AMP,91
2585,ALSL,91
2586,TSC,90
2587,TLSL,90
2588,TIH,90
2589,QLGIP,90
2590,QIQ,90
2591,MGY,90
2592,MIV,90
2593,LLAA,90
2594,HGD,90
2595,GGW,90
2596,FDY,90
2597,EPEP,90
2598,EDH,90
2599,AVLV,90
2600,ALVV,90
2601,AGGS,90
2602,AGM,90
2603,YPF,89
2604,TYQI,89
2605,SSPS,89
2606,RSC,89
2607,RPY,89
2608,RDY,89
2609,MTD,89
2610,EHY,89
2611,DSGL,89
2612,CDG,89
2613,AHI,89
2614,AGVL,89
2615,ADGL,89
2616,ld,88
2617,YSH,88
2618,WRG,88
2619,TSW,88
2620,TGSL,88
2621,TDR,88
2622,SLEE,88
2623,NLTL,88
2624,MPG,88
2625,KRC,88
2626,KIH,88
2627,IRN,88
2628,HGY,88
2629,GSGL,88
2630,EYD,88
2631,EQY,88
2632,EELR,88
2633,DRYI,88
2634,CVF,88
2635,CGF,88
2636,AYN,88
2637,AVLL,88
2638,ASLL,88
2639,ALVEI,88
2640,YRN,87
2641,TGKY,87
2642,SSGS,87
2643,RSH,87
2644,RRRG,87
2645,RDN,87
2646,PLSP,87
2647,MII,87
2648,IPY,87
2649,ESIV,87
2650,ESSS,87
2651,DLC,87
2652,CFV,87
2653,AEAL,87
2654,YRF,86
2655,VLVV,86
2656,TSH,86
2657,TMT,86
2658,TKF,86
2659,SGR,86
2660,QGQG,86
2661,PVKW,86
2662,NLAA,86
2663,MVR,86
2664,MLY,86
2665,MEI,86
2666,MDF,86
2667,LLGL,86
2668,HVD,86
2669,FQF,86
2670,EPN,86
2671,EMY,86
2672,EELK,86
2673,EDEE,86
2674,DDN,86
2675,CPV,86
2676,CEE,86
2677,AGGG,86
2678,AEAA,86
2679,YNQ,85
2680,TQF,85
2681,TCQ,85
2682,THR,85
2683,QGWK,85
2684,NKQ,85
2685,LLSS,85
2686,KLVDF,85
2687,ISGL,85
2688,IIH,85
2689,EWS,85
2690,ETPG,85
2691,CRS,85
2692,CNS,85
2693,CHS,85
2694,ALLR,85
2695,ALEE,85
2696,AAKL,85
2697,YRM,84
2698,YQEP,84
2699,WAK,84
2700,TTPD,84
2701,TNC,84
2702,TMK,84
2703,TSSS,84
2704,TLLL,84
2705,SLSP,84
2706,QPD,84
2707,PSPS,84
2708,PPAP,84
2709,NSTV,84
2710,MGYEL,84
2711,MDDL,84
2712,MQS,84
2713,MNG,84
2714,MID,84
2715,LLPL,84
2716,LLGS,84
2717,KLPI,84
2718,IKK,84
2719,HAP,84
2720,GSPAIFQ,84
2721,EYY,84
2722,EPY,84
2723,ECR,84
2724,DVGDAY,84
2725,DVC,84
2726,DSTK,84
2727,DIQKL,84
2728,DGAA,84
2729,DFGLAR,84
2730,AREL,84
2731,tv,83
2732,lp,83
2733,gs,83
2734,WTAP,83
2735,SLSS,83
2736,QQF,83
2737,QLGIPHP,83
2738,PGPG,83
2739,NKY,83
2740,MRV,83
2741,MKR,83
2742,MKG,83
2743,LLLN,83
2744,LLTL,83
2745,KEPV,83
2746,IRQ,83
2747,IPI,83
2748,GSTS,83
2749,GLT,83
2750,FLVL,83
2751,EGEE,83
2752,ESSL,83
2753,DVWSFGV,83
2754,DLVS,83
2755,DDDD,83
2756,CGH,83
2757,AVLS,83
2758,ASAS,83
2759,YSC,82
2760,YPY,82
2761,YFQ,82
2762,WIG,82
2763,VLPQGWK,82
2764,VLVG,82
2765,TWV,82
2766,TPKF,82
2767,TIC,82
2768,TEEKIK,82
2769,SLAA,82
2770,QNQ,82
2771,MSY,82
2772,MSF,82
2773,MTF,82
2774,LLAG,82
2775,KVC,82
2776,KSKK,82
2777,KPH,82
2778,KGFF,82
2779,ISW,82
2780,IKQ,82
2781,HRY,82
2782,GPI,82
2783,GLAV,82
2784,FRY,82
2785,ETVPV,82
2786,ENPYN,82
2787,EKDSW,82
2788,DKQ,82
2789,CSK,82
2790,ARC,82
2791,AGLS,82
2792,AELEL,82
2793,ik,81
2794,YTAFTI,81
2795,YGC,81
2796,WTG,81
2797,VSF,81
2798,VLPQGWKGSPAIFQ,81
2799,VLII,81
2800,VGKL,81
2801,TVNDIQKL,81
2802,TSAL,81
2803,SVK,81
2804,SLPG,81
2805,QDY,81
2806,LLVG,81
2807,IRY,81
2808,IGPENPYN,81
2809,HVN,81
2810,EYQ,81
2811,EIW,81
2812,EEEEEEEE,81
2813,DKWTV,81
2814,CGD,81
2815,ALDR,81
2816,AASP,81
2817,av,80
2818,WPLTEEKIK,80
2819,WLD,80
2820,VLRL,80
2821,TQDFWEV,80
2822,RPH,80
2823,QQD,80
2824,QPN,80
2825,QPH,80
2826,PGMDGP,80
2827,PGAP,80
2828,MVN,80
2829,MPF,80
2830,MKN,80
2831,MTQ,80
2832,MAE,80
2833,LLEE,80
2834,KVH,80
2835,KSW,80
2836,KNY,80
2837,IGPENPYNTPV,80
2838,FSVPL,80
2839,FLWMGYEL,80
2840,FLAS,80
2841,ELLR,80
2842,EEW,80
2843,EELL,80
2844,EAEL,80
2845,DKWTVQPI,80
2846,DDH,80
2847,ARTV,80
2848,AGGL,80
2849,AGAL,80
2850,YPD,79
2851,YKY,79
2852,WNS,79
2853,VVW,79
2854,TSIF,79
2855,TVLV,79
2856,THI,79
2857,TAAL,79
2858,RKC,79
2859,QKEPP,79
2860,PPPS,79
2861,PPC,79
2862,PGAL,79
2863,NLC,79
2864,MNP,79
2865,KVKQWPLTEEKIK,79
2866,KLKPGMDGP,79
2867,ISTL,79
2868,HVY,79
2869,GQHR,79
2870,FTL,79
2871,EVM,79
2872,EVC,79
2873,DSH,79
2874,DLEIGQHR,79
2875,CGR,79
2876,ANQ,79
2877,ALLK,79
2878,AHTN,79
2879,AAAS,79
2880,YTAFTIPSI,78
2881,YTAFTIPSINN,78
2882,WRKLVDF,78
2883,WRKLVDFREL,78
2884,VLEN,78
2885,TQDFWEVQLGIPHP,78
2886,TGAD,78
2887,TALL,78
2888,TEH,78
2889,SLGL,78
2890,RLAR,78
2891,QRD,78
2892,QLTE,78
2893,QKEPPFLWMGYEL,78
2894,NWAS,78
2895,NRQ,78
2896,MFG,78
2897,KLKPGMDGPKVKQWPLTEEKIK,78
2898,ISPIETVPV,78
2899,IRYQYN,78
2900,IGPENPYNTPVFAI,78
2901,HPDKWTVQPI,78
2902,GGIGG,78
2903,FSW,78
2904,EWI,78
2905,ETPGIRYQYN,78
2906,ERH,78
2907,EMF,78
2908,EGKISK,78
2909,ELLL,78
2910,CPD,78
2911,ASPS,78
2912,AKRL,78
2913,AHH,78
2914,YTAFTIPSINNETPGIRYQYN,77
2915,WVP,77
2916,WSP,77
2917,VGKLNWAS,77
2918,VGKLNWASQIY,77
2919,TYC,77
2920,TVNDIQKLVGKLNWASQIY,77
2921,TRDP,77
2922,TLSP,77
2923,TIY,77
2924,SSMTKIL,77
2925,SSSV,77
2926,SSIL,77
2927,RVH,77
2928,RRLL,77
2929,RNLL,77
2930,PSC,77
2931,PPLL,77
2932,PLTEE,77
2933,PGLL,77
2934,MDN,77
2935,MDR,77
2936,KKRL,77
2937,IPR,77
2938,ILGL,77
2939,IGPENPYNTPVFAIKKK,77
2940,HEN,77
2941,ERC,77
2942,CLH,77
2943,ATAL,77
2944,ALGI,77
2945,ALER,77
2946,YFN,76
2947,WRKLVDFRELNKR,76
2948,WPFG,76
2949,WFL,76
2950,TPC,76
2951,TFY,76
2952,TDQ,76
2953,SLDR,76
2954,RGRG,76
2955,QRN,76
2956,MRP,76
2957,KVRQ,76
2958,KSC,76
2959,KRY,76
2960,ISPIETVPVKLKPGMDGPKVKQWPLTEEKIK,76
2961,HSH,76
2962,HRD,76
2963,HTG,76
2964,GGPL,76
2965,GGAA,76
2966,FKQ,76
2967,EKDR,76
2968,EEER,76
2969,DVGDAYFSVPL,76
2970,DLGL,76
2971,DGM,76
2972,CVD,76
2973,CSD,76
2974,CRNP,76
2975,CIV,76
2976,ASAA,76
2977,AHQ,76
2978,AELV,76
2979,AAEL,76
2980,lr,75
2981,YTAFTIPSINNETPGIRYQYNVLPQGWKGSPAIFQ,75
2982,YQF,75
2983,WVR,75
2984,WVK,75
2985,WNG,75
2986,VVLL,75
2987,VLPEKDSW,75
2988,TKH,75
2989,QKEPPFLWMGYELHPDKWTVQPI,75
2990,PPSL,75
2991,MNN,75
2992,MIQ,75
2993,KNQ,75
2994,ILAT,75
2995,HGN,75
2996,GLPS,75
2997,FYL,75
2998,EQH,75
2999,EKW,75
3000,DLIA,75
3001,CPQ,75
3002,CPN,75
3003,CAV,75
3004,ATAA,75
3005,ASGS,75
3006,AQEL,75
3007,AIAD,75
3008,AHF,75
3009,AEC,75
3010,AALG,75
3011,AAVL,75
3012,AASG,75
3013,WRKLVDFRELNKRTQDFWEVQLGIPHP,74
3014,WVG,74
3015,WRV,74
3016,VLSL,74
3017,VLSG,74
3018,TYQ,74
3019,TLRR,74
3020,TKIEEL,74
3021,TERL,74
3022,TDH,74
3023,SLVL,74
3024,QRLL,74
3025,PLTEEAELEL,74
3026,PLAR,74
3027,PGPP,74
3028,NVY,74
3029,MYS,74
3030,MIP,74
3031,KITT,74
3032,ISPIETVPVKLKPGMDGPKVKQWPLTEEKIKALVEI,74
3033,FSC,74
3034,FFY,74
3035,EGKISKIGPENPYNTPVFAIKKK,74
3036,EEEI,74
3037,DLVG,74
3038,DDQ,74
3039,AVGL,74
3040,AVAL,74
3041,ASLP,74
3042,AGVG,74
3043,lq,73
3044,YVNS,73
3045,YKQ,73
3046,SSVS,73
3047,SLAS,73
3048,QKETW,73
3049,MLC,73
3050,MIG,73
3051,MAM,73
3052,LLLF,73
3053,LLLD,73
3054,KIGG,73
3055,KDQ,73
3056,ISPIETVPVKLKPGMDGPKVKQWPLTEEKIKALVEICT,73
3057,INQ,73
3058,ILSV,73
3059,IILL,73
3060,HPH,73
3061,HLC,73
3062,HRV,73
3063,GGSS,73
3064,FPQ,73
3065,ERLL,73
3066,ELM,73
3067,EGLL,73
3068,EGAV,73
3069,DLEIGQHRTKIEEL,73
3070,CQV,73
3071,AVVS,73
3072,ARSL,73
3073,AHY,73
3074,AFGV,73
3075,AAQL,73
3076,AAGV,73
3077,ie,72
3078,YLW,72
3079,WTEY,72
3080,WQAT,72
3081,VLFL,72
3082,TRYS,72
3083,TIKS,72
3084,THF,72
3085,SSYG,72
3086,QLM,72
3087,QIC,72
3088,NSVS,72
3089,NPDIVI,72
3090,MDI,72
3091,LLRGTK,72
3092,KDW,72
3093,IIY,72
3094,HSY,72
3095,HPQ,72
3096,HAF,72
3097,GSGP,72
3098,FSEL,72
3099,FQY,72
3100,ETKL,72
3101,EKEL,72
3102,EDED,72
3103,EALLD,72
3104,DGW,72
3105,DGKL,72
3106,CQG,72
3107,APW,72
3108,ALVL,72
3109,ALDL,72
3110,AKLL,72
3111,AIAV,72
3112,ADLV,72
3113,AATL,72
3114,AARL,72
3115,gk,71
3116,YTAFTIPSINNETPGIRYQYNVLPQGWKGSPAIFQSSMTKIL,71
3117,YRY,71
3118,YQEPFK,71
3119,WQATWIP,71
3120,WQATWIPEW,71
3121,WQATWIPEWEFV,71
3122,WQATWIPEWEFVNTP,71
3123,WQATWIPEWEFVNTPPLV,71
3124,VLPEKDSWTVNDIQKLVGKLNWASQIY,71
3125,TYQIYQEPFK,71
3126,TTPDKKH,71
3127,TTC,71
3128,TMF,71
3129,TMD,71
3130,TLPG,71
3131,TMG,71
3132,RKLL,71
3133,QWTYQIYQEPFK,71
3134,PSPL,71
3135,PLSL,71
3136,NVLL,71
3137,MAC,71
3138,LLRL,71
3139,ILFL,71
3140,GGEL,71
3141,EQEL,71
3142,EPC,71
3143,EEIL,71
3144,ECY,71
3145,DVKQLTE,71
3146,DTVL,71
3147,AWP,71
3148,ALGG,71
3149,AKVL,71
3150,AHTNDVKQLTE,71
3151,AENREIL,71
3152,is,70
3153,gr,70
3154,as,70
3155,YYDPSK,70
3156,YLEE,70
3157,YFY,70
3158,VLVL,70
3159,TSRS,70
3160,TQY,70
3161,TLPF,70
3162,TCD,70
3163,SSVL,70
3164,RVW,70
3165,RSLL,70
3166,QWTYQIYQEPFKNLK,70
3167,QWTYQIYQEPFKNLKTGKY,70
3168,PSPT,70
3169,PLTEEAELELAENREIL,70
3170,KLPIQKETW,70
3171,IWGK,70
3172,IKY,70
3173,HRDLK,70
3174,HGVYYDPSK,70
3175,HRS,70
3176,EQM,70
3177,EPEE,70
3178,EMEKEGKISKIGPENPYNTPVFAIKKK,70
3179,ECI,70
3180,DLEIGQHRTKIEELRQH,70
3181,DGC,70
3182,CPI,70
3183,CIQ,70
3184,ARMRG,70
3185,ALVG,70
3186,AKII,70
3187,AHTNDVKQLTEAVQ,70
3188,AEKL,70
3189,td,69
3190,YKF,69
3191,WTEYWQATWIPEWEFVNTPPLV,69
3192,WAR,69
3193,TWK,69
3194,TVW,69
3195,TPKFKLPIQKETW,69
3196,TPRR,69
3197,TLTL,69
3198,TLNL,69
3199,QVW,69
3200,QLDL,69
3201,QGQGQWTYQIYQEPFKNLKTGKY,69
3202,PLTEEAELELAENREILKEPV,69
3203,PLTEEAELELAENREILKEPVHGVYYDPSK,69
3204,PLTEEAELELAENREILKEPVHGVYYDPSKDLIA,69
3205,PLTEEAELELAENREILKEPVHGVYYDPSKDLIAEIQK,69
3206,NRD,69
3207,NGKL,69
3208,MDY,69
3209,IWGKTPKFKLPIQKETW,69
3210,IIGV,69
3211,HIQ,69
3212,HNL,69
3213,GGVL,69
3214,ESIVIWGKTPKFKLPIQKETW,69
3215,EIM,69
3216,EHF,69
3217,AWF,69
3218,ARAL,69
3219,AMF,69
3220,ALTEVI,69
3221,AKAS,69
3222,AFVG,69
3223,WRKLVDFRELNKRTQDFWEVQLGIPHPAGL,68
3224,TSPS,68
3225,TPLL,68
3226,TMR,68
3227,QID,68
3228,PPSP,68
3229,PLTEEAELELAENREILKEPVHGVYYDPSKDLIAEIQKQGQGQWTYQIYQEPFKNLKTGKY,68
3230,NPW,68
3231,NPH,68
3232,NLALAD,68
3233,NLPG,68
3234,NILL,68
3235,MVW,68
3236,MDDLYVGS,68
3237,MDD,68
3238,LLRGTKALTEVI,68
3239,LLLI,68
3240,KKW,68
3241,KGSS,68
3242,ISFL,68
3243,IPN,68
3244,IPD,68
3245,ILVG,68
3246,HGQ,68
3247,GRF,68
3248,FLVS,68
3249,EMD,68
3250,ELLG,68
3251,EKLK,68
3252,EKLG,68
3253,EEAA,68
3254,EDLV,68
3255,EDW,68
3256,EATL,68
3257,DLEIGQHRTKIEELRQHLLR,68
3258,DLEK,68
3259,DEDFRK,68
3260,CLC,68
3261,CAP,68
3262,ARRL,68
3263,ARLL,68
3264,AFLL,68
3265,AASS,68
3266,YGH,67
3267,VVGV,67
3268,VLPEKDSWTVNDIQKLVGKLNWASQIYPGI,67
3269,VLRS,67
3270,VLNL,67
3271,TVTL,67
3272,TVQL,67
3273,TSVL,67
3274,SVF,67
3275,RLEE,67
3276,PLAL,67
3277,NVSV,67
3278,NSC,67
3279,MKY,67
3280,MFN,67
3281,LLSQ,67
3282,LLSI,67
3283,LLGP,67
3284,KVLL,67
3285,KITTESIVIWGKTPKFKLPIQKETW,67
3286,KITTESIVIWGKTPKFKLPIQKETWETW,67
3287,KITTESIVIWGKTPKFKLPIQKETWETWWTEYWQATWIPEWEFVNTPPLV,67
3288,HRP,67
3289,GKVV,67
3290,EVT,67
3291,EPW,67
3292,ENH,67
3293,EMQ,67
3294,EGER,67
3295,EAVL,67
3296,EAPS,67
3297,DLSP,67
3298,DDC,67
3299,CSF,67
3300,CQY,67
3301,ARMRGAHTNDVKQLTEAVQ,67
3302,ALAF,67
3303,AIVL,67
3304,AELL,67
3305,ge,66
3306,VVVG,66
3307,TSLL,66
3308,TLGI,66
3309,THN,66
3310,TCI,66
3311,TAVL,66
3312,TEC,66
3313,SSLG,66
3314,RKW,66
3315,PPVV,66
3316,PLAV,66
3317,NGSL,66
3318,MRG,66
3319,LLRGTKALTEVIPLTEEAELELAENREILKEPVHGVYYDPSKDLIAEIQKQGQGQWTYQIYQEPFKNLKTGKY,66
3320,KLWY,66
3321,KLKL,66
3322,ISPIETVPVKLKPGMDGPKVKQWPLTEEKIKALVEICTEMEKEGKISKIGPENPYNTPVFAIKKK,66
3323,IPQ,66
3324,ILGS,66
3325,IGLL,66
3326,GLSV,66
3327,GLPL,66
3328,FGW,66
3329,FDH,66
3330,DVGDAYFSVPLDEDFRK,66
3331,DVGDAYFSVPLDEDFRKYTAFTIPSINNETPGIRYQYNVLPQGWKGSPAIFQSSMTKIL,66
3332,CRF,66
3333,CRG,66
3334,AVVG,66
3335,ARMRGAHTNDVKQLTEAVQKITTESIVIWGKTPKFKLPIQKETWETWWTEYWQATWIPEWEFVNTPPLV,66
3336,ARW,66
3337,ARKL,66
3338,AQC,66
3339,ALKK,66
3340,ALEL,66
3341,AEW,66
3342,ACQ,66
3343,ip,65
3344,YKL,65
3345,VLDS,65
3346,TVSS,65
3347,TTPDKKHQKEPPFLWMGYELHPDKWTVQPI,65
3348,TPGL,65
3349,TLRL,65
3350,SSLN,65
3351,SSTS,65
3352,SSPP,65
3353,SGY,65
3354,QSLL,65
3355,PVSL,65
3356,PLSS,65
3357,PKF,65
3358,PIY,65
3359,NNQ,65
3360,MRD,65
3361,MQG,65
3362,MML,65
3363,LLRGTKALTEVIPLTEEAELELAENREILKEPVHGVYYDPSKDLIAEIQKQGQGQWTYQIYQEPFKNLKTGKYARMRGAHTNDVKQLTEAVQKITTESIVIWGKTPKFKLPIQKETWETWWTEYWQATWIPEWEFVNTPPLV,65
3364,KRD,65
3365,IKH,65
3366,HSC,65
3367,HGH,65
3368,HEL,65
3369,GLSS,65
3370,FVDL,65
3371,FSFL,65
3372,FLRS,65
3373,EWG,65
3374,ELKK,65
3375,EEKL,65
3376,EEEK,65
3377,EALK,65
3378,EAFS,65
3379,EAFL,65
3380,EAAV,65
3381,DPEE,65
3382,CRV,65
3383,AYQ,65
3384,ASVL,65
3385,ASPL,65
3386,ARAV,65
3387,AKNL,65
3388,AKKL,65
3389,AGAV,65
3390,YVY,64
3391,VVVV,64
3392,VVIL,64
3393,VLGK,64
3394,TST,64
3395,TRIL,64
3396,TNH,64
3397,SSIS,64
3398,SLPP,64
3399,SLGV,64
3400,RLKS,64
3401,QGH,64
3402,QDQ,64
3403,PVIY,64
3404,PLIY,64
3405,MPR,64
3406,MKKL,64
3407,MTG,64
3408,MEM,64
3409,MEF,64
3410,LLIL,64
3411,ISPIETVPVKLKPGMDGPKVKQWPLTEEKIKALVEICTEMEKEGKISKIGPENPYNTPVFAIKKKDSTK,64
3412,IDN,64
3413,HPNIV,64
3414,GSFF,64
3415,GLPP,64
3416,FPY,64
3417,ETC,64
3418,ENW,64
3419,EKLS,64
3420,EGCKGFF,64
3421,EAEE,64
3422,DQF,64
3423,DPEL,64
3424,CSH,64
3425,CFI,64
3426,ARVL,64
3427,APPP,64
3428,ALRR,64
3429,AKAK,64
3430,ACF,64
3431,AAAV,64
3432,iv,63
3433,YRQ,63
3434,YDLL,63
3435,WVI,63
3436,WQV,63
3437,WGP,63
3438,TVTV,63
3439,TLGL,63
3440,TGTL,63
3441,TEM,63
3442,SPK,63
3443,RGC,63
3444,PSPP,63
3445,PLVV,63
3446,MFS,63
3447,MEH,63
3448,KSLL,63
3449,KPTL,63
3450,KND,63
3451,KKEE,63
3452,IVIS,63
3453,ILGG,63
3454,GVLL,63
3455,GSLL,63
3456,GLIV,63
3457,FPIK,63
3458,FNY,63
3459,FIH,63
3460,EYH,63
3461,ERW,63
3462,EQLL,63
3463,ELEK,63
3464,EKLV,63
3465,AVLG,63
3466,AKSV,63
3467,AGAG,63
3468,AELS,63
3469,AEAV,63
3470,AAVV,63
3471,AAQG,63
3472,ga,62
3473,WSD,62
3474,WAP,62
3475,VLTL,62
3476,TMN,62
3477,TAEE,62
3478,SSKS,62
3479,SSAS,62
3480,SGD,62
3481,QSH,62
3482,PSM,62
3483,PLVL,62
3484,PLHL,62
3485,NRH,62
3486,NAV,62
3487,MSD,62
3488,MFI,62
3489,LLGAC,62
3490,LLGN,62
3491,KVRQL,62
3492,IVGG,62
3493,IKF,62
3494,IGCTLN,62
3495,HGNG,62
3496,GLAL,62
3497,FYAA,62
3498,FVAL,62
3499,EGEG,62
3500,EVLS,62
3501,ELLS,62
3502,DIH,62
3503,DDW,62
3504,CNV,62
3505,ATPP,62
3506,ARPR,62
3507,AKM,62
3508,AKC,62
3509,AGGV,62
3510,AAPG,62
3511,pe,61
3512,YSW,61
3513,WVF,61
3514,WSR,61
3515,TYY,61
3516,TEAL,61
3517,SLHS,61
3518,RRIT,61
3519,RPTF,61
3520,RNQ,61
3521,RLSL,61
3522,QQLL,61
3523,QPY,61
3524,QND,61
3525,QKEL,61
3526,PLFP,61
3527,NVW,61
3528,NIM,61
3529,NGC,61
3530,NFL,61
3531,MVQ,61
3532,MRF,61
3533,MTM,61
3534,MTI,61
3535,LLSK,61
3536,KLEK,61
3537,IRF,61
3538,ILSL,61
3539,ILKK,61
3540,GSVL,61
3541,GGAG,61
3542,EPH,61
3543,ENEE,61
3544,EFC,61
3545,DVWSFG,61
3546,DLEIGQHRTKIEELRQHLLRWGL,61
3547,DLW,61
3548,DLGV,61
3549,CVQ,61
3550,CKI,61
3551,ASTL,61
3552,AASV,61
3553,AAAR,61
3554,kk,60
3555,it,60
3556,WSI,60
3557,WLF,60
3558,VVGG,60
3559,VLTV,60
3560,VGK,60
3561,TTH,60
3562,TPAL,60
3563,SSLL,60
3564,RLRR,60
3565,QLEL,60
3566,PVPP,60
3567,PVAI,60
3568,PSLL,60
3569,PLRR,60
3570,PLGP,60
3571,PGED,60
3572,NLTS,60
3573,MPN,60
3574,MKQ,60
3575,MKF,60
3576,MNV,60
3577,MNI,60
3578,MMS,60
3579,KQF,60
3580,GSGG,60
3581,GLSL,60
3582,GIQ,60
3583,FLGL,60
3584,FKY,60
3585,FFH,60
3586,ESVP,60
3587,ERIL,60
3588,ELW,60
3589,EKAK,60
3590,EEAR,60
3591,EALV,60
3592,EAGL,60
3593,CDK,60
3594,AVSG,60
3595,ALKL,60
3596,AKW,60
3597,AIGT,60
3598,AGLG,60
3599,ln,59
3600,ds,59
3601,YRAL,59
3602,TYH,59
3603,TWP,59
3604,TWG,59
3605,TTLL,59
3606,TPAN,59
3607,TKY,59
3608,TITL,59
3609,TAW,59
3610,SVTVL,59
3611,SSLV,59
3612,SLSL,59
3613,QQH,59
3614,QIW,59
3615,MPPL,59
3616,MPK,59
3617,MYL,59
3618,LLRGTKALTEVIPLTEEAELELAENREILKEPVHGVYYDPSKDLIAEIQKQGQGQWTYQIYQEPFKNLKTGKYARMRGAHTNDVKQLTEAVQKITTESIVIWGKTPKFKLPIQKETWETWWTEYWQATWIPEWEFVNTPPLVKLWY,59
3619,KLAD,59
3620,ILIL,59
3621,ILIG,59
3622,HPY,59
3623,HKQ,59
3624,GSQL,59
3625,FPC,59
3626,FNQ,59
3627,FLSV,59
3628,FGES,59
3629,ENC,59
3630,EKIG,59
3631,EGAT,59
3632,EELS,59
3633,EEDL,59
3634,EDAA,59
3635,ECQ,59
3636,DSTV,59
3637,DPW,59
3638,DLVL,59
3639,CGQ,59
3640,AVIG,59
3641,ASLG,59
3642,ASGR,59
3643,APAS,59
3644,ALLP,59
3645,ALTS,59
3646,AIKK,59
3647,AIIL,59
3648,ADW,59
3649,ADGG,59
3650,AAGS,59
3651,re,58
3652,YIC,58
3653,WDL,58
3654,VVSV,58
3655,VPK,58
3656,VLPEKDSWTVNDIQKLVGKLNWASQIYPGIKVRQL,58
3657,TVVL,58
3658,TSVS,58
3659,TPID,58
3660,TPGS,58
3661,TPAS,58
3662,TLSS,58
3663,TKMK,58
3664,TKEL,58
3665,THK,58
3666,TLLV,58
3667,RPGV,58
3668,RLPL,58
3669,RKAL,58
3670,RAA,58
3671,NVSS,58
3672,NLW,58
3673,MTR,58
3674,MTP,58
3675,KPKMI,58
3676,KKRK,58
3677,KKLL,58
3678,HEV,58
3679,GPN,58
3680,EICG,58
3681,EGVV,58
3682,EALLDTGAD,58
3683,EALG,58
3684,EAAG,58
3685,DGLL,58
3686,AVSL,58
3687,AVDW,58
3688,ASGP,58
3689,APEV,58
3690,APC,58
3691,ALPP,58
3692,ALDF,58
3693,AKQL,58
3694,AHN,58
3695,AGTV,58
3696,AFLD,58
3697,ADSL,58
3698,AAAT,58
3699,YLGS,57
3700,WAS,57
3701,VPI,57
3702,VLVN,57
3703,VLAI,57
3704,TSFG,57
3705,TSAS,57
3706,TPEE,57
3707,TLKL,57
3708,TDLL,57
3709,RSPS,57
3710,QDH,57
3711,PLDP,57
3712,PGRR,57
3713,PISPIETVPVKLKPGMDGPKVKQWPLTEEKIKALVEICTEMEKEGKISKIGPENPYNTPVFAIKKKDSTK,57
3714,NSW,57
3715,NFC,57
3716,MTH,57
3717,MRI,57
3718,LLPP,57
3719,IVC,57
3720,INY,57
3721,ILTL,57
3722,HSW,57
3723,HRDLKP,57
3724,HIY,57
3725,GGIGGFI,57
3726,FVSV,57
3727,FVH,57
3728,EVTL,57
3729,ETLL,57
3730,ESGS,57
3731,ESAG,57
3732,EREL,57
3733,EKER,57
3734,DLEIGQHRTKIEELRQHLLRWGLTTPDKKHQKEPPFLWMGYELHPDKWTVQPI,57
3735,DLSL,57
3736,DEA,57
3737,AVCH,57
3738,ANH,57
3739,AMQ,57
3740,AMD,57
3741,AKRI,57
3742,AGLV,57
3743,AAVS,57
3744,AARR,57
3745,lf,56
3746,ke,56
3747,WRS,56
3748,WKG,56
3749,VLED,56
3750,TWN,56
3751,TPSS,56
3752,TELL,56
3753,SSLP,56
3754,QLEE,56
3755,PRF,56
3756,NFY,56
3757,LLGD,56
3758,KLGG,56
3759,ISYL,56
3760,IFN,56
3761,GVIL,56
3762,GLVL,56
3763,GGTL,56
3764,GGSV,56
3765,FRLL,56
3766,FRH,56
3767,FKH,56
3768,EWR,56
3769,EVLG,56
3770,EVEL,56
3771,ERYL,56
3772,EQAL,56
3773,EKIV,56
3774,DVTV,56
3775,DVSV,56
3776,DLER,56
3777,DLDL,56
3778,DDEE,56
3779,CWLPF,56
3780,AVAS,56
3781,ATVL,56
3782,AQPD,56
3783,AIAG,56
3784,AFLV,56
3785,AFT,56
3786,ADFGLAR,56
3787,ia,55
3788,dv,55
3789,YVH,55
3790,YRC,55
3791,YPQ,55
3792,WTS,55
3793,WRR,55
3794,WALG,55
3795,VLVK,55
3796,TVAVK,55
3797,TQM,55
3798,TGFL,55
3799,SGN,55
3800,RVLL,55
3801,RSVS,55
3802,RLAL,55
3803,RDLL,55
3804,QSW,55
3805,QRH,55
3806,QQW,55
3807,QNY,55
3808,PSAS,55
3809,PLVG,55
3810,PLGS,55
3811,NVSL,55
3812,NSM,55
3813,NPILY,55
3814,NLIL,55
3815,MTN,55
3816,KSES,55
3817,KKKKSVTVL,55
3818,KIAD,55
3819,KELL,55
3820,ISVS,55
3821,IQY,55
3822,IPV,55
3823,GVSV,55
3824,GVPF,55
3825,GGGV,55
3826,FLSL,55
3827,EYC,55
3828,ELT,55
3829,ELAA,55
3830,EGRI,55
3831,DSDS,55
3832,DLAK,55
3833,DFC,55
3834,AWPF,55
3835,ASLV,55
3836,ASEL,55
3837,APAA,55
3838,ALGQ,55
3839,AKAL,55
3840,AIAK,55
3841,AIAA,55
3842,AGYV,55
3843,AERL,55
3844,AAIL,55
3845,ly,54
3846,YILL,54
3847,YIH,54
3848,WLY,54
3849,WKQ,54
3850,VVSL,54
3851,TTIL,54
3852,TSPL,54
3853,TNW,54
3854,SPD,54
3855,RLPP,54
3856,QYLL,54
3857,QSTV,54
3858,QRVL,54
3859,QLSL,54
3860,QLED,54
3861,PVLL,54
3862,PSEE,54
3863,PPPG,54
3864,PLKL,54
3865,PARL,54
3866,NLSS,54
3867,NLSL,54
3868,NGKK,54
3869,MIY,54
3870,KVIG,54
3871,KPLL,54
3872,KKIK,54
3873,KIAK,54
3874,KSL,54
3875,IVGV,54
3876,ILM,54
3877,IKW,54
3878,HRQ,54
3879,HPFF,54
3880,HFH,54
3881,GSRL,54
3882,GSAL,54
3883,GPQ,54
3884,GLRL,54
3885,GLGK,54
3886,EWY,54
3887,EWN,54
3888,ESVS,54
3889,ELGL,54
3890,EEEV,54
3891,EALQ,54
3892,EAEK,54
3893,DSVL,54
3894,DSLL,54
3895,DRW,54
3896,DIVL,54
3897,DGKS,54
3898,DFW,54
3899,DFSL,54
3900,DAEG,54
3901,CDS,54
3902,AWVP,54
3903,AWN,54
3904,AWI,54
3905,AVM,54
3906,ASGG,54
3907,ARLV,54
3908,APGG,54
3909,APAV,54
3910,AMY,54
3911,ALVS,54
3912,AKGL,54
3913,AGAK,54
3914,AALR,54
3915,gt,53
3916,YRH,53
3917,YLDL,53
3918,WRQ,53
3919,VLVS,53
3920,VLIL,53
3921,VGF,53
3922,TTSS,53
3923,TQCS,53
3924,TLTM,53
3925,TGW,53
3926,TFH,53
3927,TEDL,53
3928,TATNI,53
3929,SVN,53
3930,RPGG,53
3931,QLEKEP,53
3932,QKII,53
3933,QIH,53
3934,PSTP,53
3935,PPSS,53
3936,PPQP,53
3937,PLPS,53
3938,PGSS,53
3939,NRP,53
3940,MSH,53
3941,LLEG,53
3942,KKTF,53
3943,KGKK,53
3944,IVM,53
3945,IGCTLNF,53
3946,IFY,53
3947,GLFL,53
3948,FVAG,53
3949,EYDL,53
3950,ETSL,53
3951,ETAR,53
3952,EKGI,53
3953,EELI,53
3954,EEVS,53
3955,EEGK,53
3956,EEAS,53
3957,EAAS,53
3958,DVLL,53
3959,DKH,53
3960,DGTV,53
3961,CAF,53
3962,AYH,53
3963,AVVI,53
3964,ATSL,53
3965,ATAM,53
3966,ASLR,53
3967,ARGS,53
3968,AQW,53
3969,ALHV,53
3970,ALGV,53
3971,AKTL,53
3972,AKSL,53
3973,AIPV,53
3974,AGSS,53
3975,AALP,53
3976,YHSL,52
3977,WSK,52
3978,VVAV,52
3979,TSPK,52
3980,TSAT,52
3981,TPVN,52
3982,TLRD,52
3983,TLII,52
3984,TCF,52
3985,SLGG,52
3986,RRVL,52
3987,QRQL,52
3988,PPEE,52
3989,PLPL,52
3990,NQF,52
3991,NNC,52
3992,NGTV,52
3993,NFH,52
3994,MSC,52
3995,MYV,52
3996,MIK,52
3997,KLKG,52
3998,KKGS,52
3999,IVGAET,52
4000,IND,52
4001,GSGK,52
4002,GPK,52
4003,GLTP,52
4004,GLGG,52
4005,GIN,52
4006,GGSL,52
4007,FRC,52
4008,EVVL,52
4009,EVQL,52
4010,ELLP,52
4011,ELYR,52
4012,ELAL,52
4013,EKIK,52
4014,EALR,52
4015,DNY,52
4016,DND,52
4017,DLAL,52
4018,CRY,52
4019,CPC,52
4020,CGTP,52
4021,AWK,52
4022,ASGL,52
4023,ANC,52
4024,AIW,52
4025,AGLI,52
4026,AFH,52
4027,AAPP,52
4028,ka,51
4029,VVCW,51
4030,VLEL,51
4031,TSGL,51
4032,TRW,51
4033,TQH,51
4034,TNQL,51
4035,TLAL,51
4036,TFLL,51
4037,TASS,51
4038,TLLS,51
4039,SSGV,51
4040,RRRL,51
4041,RRKR,51
4042,RNY,51
4043,QVEG,51
4044,QQKL,51
4045,QLEKEPIVGAET,51
4046,PLTI,51
4047,PLGG,51
4048,PGSL,51
4049,NSVG,51
4050,NRSL,51
4051,NKC,51
4052,MSLL,51
4053,MILL,51
4054,MDQ,51
4055,MQV,51
4056,LLLQ,51
4057,KLKK,51
4058,KIT,51
4059,KEFL,51
4060,KDC,51
4061,IVSL,51
4062,ISPS,51
4063,ILSG,51
4064,ILGP,51
4065,HHN,51
4066,GSFV,51
4067,GRTG,51
4068,GGGGGGGG,51
4069,FSLL,51
4070,FREL,51
4071,FPIKWTAP,51
4072,FLIV,51
4073,FKF,51
4074,FGH,51
4075,EVIK,51
4076,ETEE,51
4077,ERVL,51
4078,EREV,51
4079,EGIV,51
4080,EELG,51
4081,EDFL,51
4082,EALLDTGADDTVL,51
4083,EAPG,51
4084,EAEV,51
4085,ESLS,51
4086,DLAP,51
4087,DGSS,51
4088,CLY,51
4089,CKY,51
4090,CKN,51
4091,AVLP,51
4092,AVSV,51
4093,ARTL,51
4094,ARAA,51
4095,AQLL,51
4096,APEL,51
4097,ALSS,51
4098,AISL,51
4099,AEIL,51
4100,AAVN,51
4101,tp,50
4102,ns,50
4103,YQYMDDLYVGS,50
4104,YLRV,50
4105,YKH,50
4106,WGN,50
4107,VLVGP,50
4108,VLKK,50
4109,VLAA,50
4110,TVSG,50
4111,TTVLTMT,50
4112,TTVLTMTTLS,50
4113,TTTL,50
4114,TPED,50
4115,TLTD,50
4116,TLAT,50
4117,TFFL,50
4118,TASL,50
4119,SSDS,50
4120,RSVV,50
4121,RRSS,50
4122,RQF,50
4123,RGRR,50
4124,RGLL,50
4125,RDQ,50
4126,QSTS,50
4127,QNW,50
4128,QNH,50
4129,QLW,50
4130,QDC,50
4131,PVSP,50
4132,PSPG,50
4133,PPEP,50
4134,PISPIETVPVKLKPGMDGPKVKQWPLTEEKIKALVEICTEMEKEGKISKIGPENPYNTPVFAIKKKDSTKWRKLVDFRELNKRTQDFWEVQLGIPHPAGL,50
4135,NVC,50
4136,NKV,50
4137,MRQ,50
4138,MQK,50
4139,MCG,50
4140,KPKMIGGIGGFI,50
4141,KNW,50
4142,KGLL,50
4143,KDLL,50
4144,KDH,50
4145,ILNV,50
4146,ILEE,50
4147,GSAS,50
4148,GSAG,50
4149,GDY,50
4150,FFQ,50
4151,EVKS,50
4152,ETIK,50
4153,ERER,50
4154,ERAL,50
4155,EGAK,50
4156,DLEE,50
4157,CRR,50
4158,CCL,50
4159,AVEL,50
4160,AVAG,50
4161,ATLV,50
4162,ASSG,50
4163,ARGL,50
4164,AQAL,50
4165,APTI,50
4166,ALVT,50
4167,AIFG,50
4168,AFW,50
4169,ADC,50
